{"loss": [0.6358885169029236,
  0.06779517978429794,
  0.049841102212667465,
  0.021619992330670357,
  0.05473942309617996,
  0.025464095175266266,
  0.014630479738116264,
  0.0036249367985874414,
  0.0030253164004534483,
  0.0012746594147756696,
  0.0022007962688803673,
  0.0012423143489286304,
  0.0011246290523558855,
  0.0010733362287282944,
  0.0009599613258615136,
  0.0009020472643896937,
  0.0009666116093285382,
  0.000900380196981132,
  0.0035685000475496054,
  0.0007628786843270063,
  0.0006793947541154921,
  0.0005671811522915959,
  0.0005570385837927461,
  0.0006301903631538153,
  0.0005079173715785146,
  0.0004756033595185727,
  0.00044420294580049813,
  0.0004433283756952733,
  0.00042835812200792134,
  0.000506271724589169,
  0.0003199696948286146,
  0.00030011028866283596,
  0.0003075335407629609,
  0.0002968768822029233,
  0.00028874646523036063,
  0.0002897732483688742,
  0.00028407463105395436,
  0.0002748717088252306,
  0.0002576419501565397,
  0.001130277058109641,
  0.0002527895267121494,
  0.00023840455105528235,
  0.0002612819371279329,
  0.0002513478684704751,
  0.0009462672751396894],
 "class_out_loss": [0.44796937704086304,
  0.028932958841323853,
  0.0182723980396986,
  0.0021072360686957836,
  0.02897300384938717,
  0.013530704192817211,
  0.0064811548218131065,
  0.0001624134019948542,
  0.00016016117297112942,
  7.99742920207791e-05,
  0.00045988999772816896,
  5.6683740695007145e-05,
  3.713973273988813e-05,
  2.3649941795156337e-05,
  2.16004245885415e-05,
  2.1643134459736757e-05,
  6.755251524737105e-05,
  2.4853497961885296e-05,
  0.001195015269331634,
  3.5001652577193454e-05,
  1.5563426131848246e-05,
  1.0249985280097462e-05,
  1.1528805771376938e-05,
  0.00010386965732323006,
  8.882178917701822e-06,
  7.910022759460844e-06,
  6.962011411815183e-06,
  6.655813649558695e-06,
  5.45008424523985e-06,
  0.00018091622041538358,
  3.3505621104268357e-06,
  2.528450522731873e-06,
  3.0307032830023672e-06,
  2.742797278187936e-06,
  2.2749843537894776e-06,
  3.9898241084301844e-06,
  1.9835392777167726e-06,
  2.20789934246568e-06,
  1.6020536577343591e-06,
  0.0008760393247939646,
  1.2301446076889988e-05,
  1.5600305687257787e-06,
  2.5136325803032378e-06,
  1.6338379964508931e-06,
  0.0006915730773471296],
 "box_out_loss": [0.1879189908504486,
  0.03886224702000618,
  0.03156870976090431,
  0.01951274462044239,
  0.025766445323824883,
  0.011933396570384502,
  0.008149329572916031,
  0.0034625250846147537,
  0.0028651522006839514,
  0.0011946855811402202,
  0.0017409059219062328,
  0.0011856312630698085,
  0.0010874888394027948,
  0.0010496870381757617,
  0.0009383609285578132,
  0.0008804049575701356,
  0.0008990592905320227,
  0.0008755264570936561,
  0.0023734832648187876,
  0.0007278767880052328,
  0.0006638317718170583,
  0.0005569311324506998,
  0.000545509799849242,
  0.0005263207713142037,
  0.0004990352317690849,
  0.00046769302571192384,
  0.0004372410476207733,
  0.00043667262070812285,
  0.00042290816782042384,
  0.00032535530044697225,
  0.0003166189417243004,
  0.00029758180608041584,
  0.00030450281337834895,
  0.0002941340208053589,
  0.00028647147701121867,
  0.00028578328783623874,
  0.0002820910303853452,
  0.00027266371762380004,
  0.00025603992980904877,
  0.0002542376169003546,
  0.0002404880797257647,
  0.00023684451298322529,
  0.00025876829749904573,
  0.0002497140085324645,
  0.0002546904142946005],
 "class_out_accuracy": [0.7718750238418579,
  0.9907500147819519,
  0.9963750243186951,
  0.9993749856948853,
  0.9918749928474426,
  0.996999979019165,
  0.9990000128746033,
  1.0,
  1.0,
  1.0,
  0.999750018119812,
  1.0,
  1.0,
  1.0,
  1.0,
  1.0,
  1.0,
  1.0,
  0.9994999766349792,
  1.0,
  1.0,
  1.0,
  1.0,
  0.999875009059906,
  1.0,
  1.0,
  1.0,
  1.0,
  1.0,
  0.999875009059906,
  1.0,
  1.0,
  1.0,
  1.0,
  1.0,
  1.0,
  1.0,
  1.0,
  1.0,
  0.999875009059906,
  1.0,
  1.0,
  1.0,
  1.0,
  0.999875009059906],
 "box_out_iou": [0.17308007180690765,
  0.2981607913970947,
  0.33828112483024597,
  0.4176904559135437,
  0.4088972508907318,
  0.469442754983902,
  0.5334866046905518,
  0.638298511505127,
  0.6679360270500183,
  0.762874186038971,
  0.7374212741851807,
  0.7621362209320068,
  0.7684800624847412,
  0.7748297452926636,
  0.7822434902191162,
  0.7879925966262817,
  0.7872158885002136,
  0.7883644700050354,
  0.7098941206932068,
  0.8088237643241882,
  0.8165426850318909,
  0.8259716033935547,
  0.8268898129463196,
  0.8299350738525391,
  0.8332406282424927,
  0.8390723466873169,
  0.8421905636787415,
  0.8436413407325745,
  0.8464159369468689,
  0.8631014227867126,
  0.864087700843811,
  0.867384135723114,
  0.8667775392532349,
  0.8682047724723816,
  0.8700733184814453,
  0.8704376220703125,
  0.8703904747962952,
  0.8727237582206726,
  0.875140905380249,
  0.8760214447975159,
  0.8792469501495361,
  0.8803741335868835,
  0.8761183023452759,
  0.8781875967979431,
  0.8780848383903503],
 "lr": [0.01,
  0.01,
  0.01,
  0.01,
  0.01,
  0.01,
  0.01,
  0.01,
  0.01,
  0.0019999999,
  0.0019999999,
  0.0019999999,
  0.0019999999,
  0.0019999999,
  0.0019999999,
  0.0019999999,
  0.0019999999,
  0.0019999999,
  0.0019999999,
  0.00039999996,
  0.00039999996,
  0.00039999996,
  0.00039999996,
  0.00039999996,
  0.00039999996,
  0.00039999996,
  0.00039999996,
  0.00039999996,
  0.00039999996,
  7.999999e-05,
  7.999999e-05,
  7.999999e-05,
  7.999999e-05,
  7.999999e-05,
  7.999999e-05,
  7.999999e-05,
  7.999999e-05,
  7.999999e-05,
  7.999999e-05,
  1.5999998e-05,
  1.5999998e-05,
  1.5999998e-05,
  1.5999998e-05,
  1.5999998e-05,
  1.5999998e-05]}