{"loss": [3.231606960296631,
  0.7239083647727966,
  0.6855788230895996,
  0.6580561995506287,
  0.6216639280319214,
  0.5834346413612366,
  0.5547353625297546,
  0.4712475538253784,
  0.37545880675315857,
  0.290538489818573,
  0.24048489332199097,
  0.2151528298854828,
  0.20996196568012238,
  0.19839677214622498,
  0.17425251007080078,
  0.17964525520801544,
  0.16172300279140472,
  0.16683264076709747,
  0.165361687541008,
  0.16099859774112701,
  0.19346442818641663,
  0.16738229990005493,
  0.14960604906082153,
  0.1465231478214264,
  0.14265522360801697,
  0.14859823882579803,
  0.1431671679019928,
  0.1294916868209839,
  0.14287623763084412,
  0.12307731807231903,
  0.10959106683731079,
  0.11304070800542831,
  0.11390478909015656,
  0.10802506655454636,
  0.1058206632733345,
  0.09853056073188782,
  0.07731935381889343,
  0.06548573821783066,
  0.047606468200683594,
  0.030690765008330345,
  0.03835739940404892,
  0.0254963468760252,
  0.02217542566359043,
  0.025018742308020592,
  0.01990325376391411,
  0.018925413489341736,
  0.012947979383170605,
  0.012374755926430225,
  0.01031180378049612,
  0.007420043461024761,
  0.009461321868002415,
  0.009049895219504833,
  0.006124548148363829,
  0.0064206672832369804,
  0.0049939281307160854,
  0.006841284688562155,
  0.004273173399269581,
  0.004895202815532684,
  0.007107710465788841,
  0.004874608479440212,
  0.0036733855959028006,
  0.003458380699157715,
  0.004264592658728361,
  0.004687214735895395,
  0.003627500031143427,
  0.00415364746004343,
  0.002834535902366042,
  0.002640770049765706,
  0.002648963127285242,
  0.0028312187641859055,
  0.004273018799722195,
  0.0028109175618737936,
  0.0034864244516938925,
  0.0028765073511749506,
  0.002696623094379902,
  0.0030886896420270205,
  0.002636880846694112,
  0.0024016364477574825,
  0.0025583594106137753,
  0.002553587779402733,
  0.002608310664072633,
  0.0034909555688500404,
  0.002119092270731926,
  0.002183870179578662,
  0.0030724734533578157,
  0.0022423139307647943,
  0.0020997507963329554,
  0.002515464788302779,
  0.002011970616877079,
  0.0021744228433817625,
  0.001803715480491519,
  0.001884207595139742,
  0.0030599639285355806,
  0.0019306029425933957,
  0.002848739270120859,
  0.0018884080927819014,
  0.0016653116326779127,
  0.0016208074521273375,
  0.0021080169826745987,
  0.002074177609756589],
 "class_out_loss": [0.746234118938446,
  0.6409494876861572,
  0.6088346242904663,
  0.5830190181732178,
  0.5504762530326843,
  0.5169346332550049,
  0.4875715374946594,
  0.4130510985851288,
  0.3270496129989624,
  0.2505902945995331,
  0.20630143582820892,
  0.18602533638477325,
  0.17831243574619293,
  0.17158390581607819,
  0.14982537925243378,
  0.15678584575653076,
  0.14147505164146423,
  0.1457059681415558,
  0.14576157927513123,
  0.14245663583278656,
  0.1714603751897812,
  0.14654216170310974,
  0.1299879550933838,
  0.12867887318134308,
  0.12642286717891693,
  0.1326400637626648,
  0.12648846209049225,
  0.11474286764860153,
  0.12627249956130981,
  0.11254826188087463,
  0.10063331574201584,
  0.1043834313750267,
  0.10526572912931442,
  0.10011371970176697,
  0.09794347733259201,
  0.09071183204650879,
  0.06990060955286026,
  0.05823950469493866,
  0.040338724851608276,
  0.023354671895503998,
  0.030748438090085983,
  0.01806512288749218,
  0.015344575978815556,
  0.01757776364684105,
  0.012714926153421402,
  0.011542174965143204,
  0.006278031039983034,
  0.00592794781550765,
  0.0046191951259970665,
  0.0018466206965968013,
  0.0038883870001882315,
  0.004147580359131098,
  0.0012057104613631964,
  0.0021170214749872684,
  0.0006248374120332301,
  0.0017846121918410063,
  0.0003104311181232333,
  0.000843125453684479,
  0.0028746630996465683,
  0.00175912631675601,
  0.0007400003960356116,
  0.0005084197036921978,
  0.0016509064007550478,
  0.001920634531415999,
  0.00085370650049299,
  0.0013447159435600042,
  0.0002527163887862116,
  0.00010575690248515457,
  0.00018087198259308934,
  0.0002950122288893908,
  0.0017271386459469795,
  0.0005316021852195263,
  0.0011177902342751622,
  0.00042635068530216813,
  0.0001468013069825247,
  0.0006158577161841094,
  0.00021915468096267432,
  0.00015138363232836127,
  0.00024287377891596407,
  0.00017393655434716493,
  0.0003569041145965457,
  0.0010267294710502028,
  0.0001422999193891883,
  8.275215805042535e-05,
  0.001032473985105753,
  0.0001381873880745843,
  6.131138798082247e-05,
  0.000347779830917716,
  0.00014424658729694784,
  0.00030147231882438064,
  6.855341780465096e-05,
  0.00014591816579923034,
  0.0014086482115089893,
  8.222217002185062e-05,
  0.001062640454620123,
  6.40733924228698e-05,
  5.341389623936266e-05,
  5.7045515859499574e-05,
  0.00023626815527677536,
  0.00032529764575883746],
 "box_out_loss": [2.4853713512420654,
  0.08295876532793045,
  0.07674441486597061,
  0.07503727823495865,
  0.0711875930428505,
  0.06649978458881378,
  0.06716392189264297,
  0.05819644406437874,
  0.04840908572077751,
  0.03994831442832947,
  0.03418345004320145,
  0.02912754751741886,
  0.03164951503276825,
  0.026812806725502014,
  0.024427121505141258,
  0.02285940945148468,
  0.02024800516664982,
  0.021126635372638702,
  0.019600091502070427,
  0.01854199729859829,
  0.022004030644893646,
  0.020840169861912727,
  0.01961810328066349,
  0.01784428022801876,
  0.016232304275035858,
  0.015958158299326897,
  0.016678709536790848,
  0.014748833142220974,
  0.01660371944308281,
  0.010529058054089546,
  0.008957769721746445,
  0.008657305501401424,
  0.008639068342745304,
  0.007911328226327896,
  0.007877209223806858,
  0.007818732410669327,
  0.007418714929372072,
  0.007246213965117931,
  0.007267735432833433,
  0.007336093578487635,
  0.007608962710946798,
  0.007431225851178169,
  0.006830843631178141,
  0.00744098424911499,
  0.00718833040446043,
  0.0073832436464726925,
  0.006669950671494007,
  0.006446809973567724,
  0.005692607723176479,
  0.005573423579335213,
  0.005572932306677103,
  0.00490231579169631,
  0.004918837454169989,
  0.0043036434799432755,
  0.004369090311229229,
  0.0050566731952130795,
  0.0039627430960536,
  0.004052077420055866,
  0.004233045969158411,
  0.0031154826283454895,
  0.0029333848506212234,
  0.0029499614611268044,
  0.0026136860251426697,
  0.0027665779925882816,
  0.0027737950440496206,
  0.0028089312836527824,
  0.00258182012476027,
  0.002535013249143958,
  0.0024680912028998137,
  0.002536206739023328,
  0.0025458810850977898,
  0.0022793151438236237,
  0.002368634333834052,
  0.0024501560255885124,
  0.0025498217437416315,
  0.0024728309363126755,
  0.002417726209387183,
  0.002250252990052104,
  0.0023154872469604015,
  0.002379650715738535,
  0.0022514064330607653,
  0.002464226447045803,
  0.001976792002096772,
  0.00210111727938056,
  0.0020400003995746374,
  0.0021041256841272116,
  0.0020384385716170073,
  0.002167684957385063,
  0.0018677241168916225,
  0.0018729503499343991,
  0.0017351624555885792,
  0.0017382886726409197,
  0.0016513169975951314,
  0.0018483806634321809,
  0.0017860990483313799,
  0.0018243341473862529,
  0.0016118980711326003,
  0.0015637619653716683,
  0.0018717485945671797,
  0.0017488800222054124],