{"loss": [4.020236968994141,
  0.7340914011001587,
  0.5843688249588013,
  0.40707898139953613,
  0.24507012963294983,
  0.11362500488758087,
  0.07810340076684952,
  0.06376773118972778,
  0.05234578624367714,
  0.06729846447706223,
  0.04548239707946777,
  0.056044187396764755,
  0.035883449018001556,
  0.03298709914088249,
  0.06166345626115799,
  0.0403558649122715,
  0.026548897847533226,
  0.03391888737678528,
  0.023403530940413475,
  0.027522092685103416,
  0.021899938583374023,
  0.02979048527777195,
  0.022058377042412758,
  0.021409595385193825,
  0.01570984348654747,
  0.01374811865389347,
  0.014069139026105404,
  0.017456375062465668,
  0.04740942642092705,
  0.02159387804567814,
  0.009207244962453842,
  0.011029338464140892,
  0.009592373855412006,
  0.00926894135773182,
  0.005316243972629309,
  0.026489242911338806,
  0.031665533781051636,
  0.027229588478803635,
  0.015124664641916752,
  0.013191211968660355,
  0.014323758892714977,
  0.01462000235915184,
  0.011372358538210392,
  0.010383639484643936,
  0.00925103947520256],
 "class_out_loss": [0.7643656730651855,
  0.6631704568862915,
  0.5202635526657104,
  0.34646549820899963,
  0.18945720791816711,
  0.07010915130376816,
  0.04091281816363335,
  0.02767178975045681,
  0.01867988146841526,
  0.032566457986831665,
  0.015306007117033005,
  0.022410990670323372,
  0.01033800933510065,
  0.011371787637472153,
  0.03439603000879288,
  0.014163963496685028,
  0.007316775154322386,
  0.013157282024621964,
  0.007606089115142822,
  0.007228660397231579,
  0.007530986797064543,
  0.01348752062767744,
  0.0070204841904342175,
  0.007701535243541002,
  0.003677958622574806,
  0.003313535125926137,
  0.004503441974520683,
  0.0060529387556016445,
  0.025948934257030487,
  0.00784728117287159,
  0.0013419556198641658,
  0.0030195554718375206,
  0.002590697491541505,
  0.0022311783395707607,
  0.0006809544283896685,
  0.01575060747563839,
  0.016902031376957893,
  0.014482702128589153,
  0.0070537966676056385,
  0.004910818766802549,
  0.006551951635628939,
  0.006742091849446297,
  0.004729529842734337,
  0.0037018752191215754,
  0.002939807716757059],
 "box_out_loss": [3.2558722496032715,
  0.07092080265283585,
  0.06410541385412216,
  0.060613587498664856,
  0.055612847208976746,
  0.04351586848497391,
  0.037190571427345276,
  0.036095939576625824,
  0.03366589918732643,
  0.03473200649023056,
  0.03017638996243477,
  0.03363320976495743,
  0.025545436888933182,
  0.021615315228700638,
  0.027267422527074814,
  0.02619188465178013,
  0.019232120364904404,
  0.020761599764227867,
  0.015797441825270653,
  0.020293431356549263,
  0.014368942938745022,
  0.01630297116935253,
  0.015037893317639828,
  0.013708064332604408,
  0.01203188393265009,
  0.010434584692120552,
  0.009565699845552444,
  0.01140343677252531,
  0.021460479125380516,
  0.013746590353548527,
  0.00786528643220663,
  0.008009781129658222,
  0.007001678459346294,
  0.00703775929287076,
  0.004635288380086422,
  0.010738635435700417,
  0.014763505198061466,
  0.012746891006827354,
  0.00807087030261755,
  0.008280389942228794,
  0.007771805394440889,
  0.007877909578382969,
  0.006642830558121204,
  0.006681768223643303,
  0.006311231758445501],
 "class_out_accuracy": [0.546875,
  0.5967187285423279,
  0.72265625,
  0.8460937738418579,
  0.9320312738418579,
  0.9762499928474426,
  0.9848437309265137,
  0.9901562333106995,
  0.9935937523841858,
  0.9889062643051147,
  0.9951562285423279,
  0.9923437237739563,
  0.9964062571525574,
  0.9973437786102295,
  0.9892187714576721,
  0.9959375262260437,
  0.9967187643051147,
  0.9962499737739563,
  0.9975000023841858,
  0.9971874952316284,
  0.9984375238418579,
  0.9962499737739563,
  0.9973437786102295,
  0.9978125095367432,
  0.9984375238418579,
  0.9989062547683716,
  0.9985937476158142,
  0.9976562261581421,
  0.9921875,
  0.9982812404632568,
  0.9995312690734863,
  0.9990624785423279,
  0.9993749856948853,
  0.999218761920929,
  0.9998437762260437,
  0.9950000047683716,
  0.9945312738418579,
  0.9957812428474426,
  0.9975000023841858,
  0.9982812404632568,
  0.9979687333106995,
  0.9984375238418579,
  0.9985937476158142,
  0.9987499713897705,
  0.9995312690734863],
 "box_out_iou": [0.09875746816396713,
  0.1583239883184433,
  0.17072659730911255,
  0.19090425968170166,
  0.21255362033843994,
  0.2550838589668274,
  0.2962263226509094,
  0.3144291937351227,
  0.3186010718345642,
  0.33070921897888184,
  0.35464560985565186,
  0.32172611355781555,
  0.3681831657886505,
  0.40628936886787415,
  0.3609243631362915,
  0.36907920241355896,
  0.4231988191604614,
  0.40915200114250183,
  0.45486295223236084,
  0.41912373900413513,
  0.4556439518928528,
  0.4506964087486267,
  0.4647974669933319,
  0.4712335169315338,
  0.5062569975852966,
  0.5198219418525696,
  0.5272459387779236,
  0.5135017037391663,
  0.3912777006626129,
  0.46817901730537415,
  0.5534971356391907,
  0.5616040229797363,
  0.569643497467041,
  0.5729385614395142,
  0.6236366033554077,
  0.5167210698127747,
  0.46067342162132263,
  0.4801589548587799,
  0.5437338352203369,
  0.5415973663330078,
  0.5540391802787781,
  0.5561049580574036,
  0.5725018978118896,
  0.5853989124298096,
  0.5868933796882629]}